{
	"id": "sb-farm-api-environment",
	"name": "SB Farm API Environment",
	"values": [
		{
			"key": "base_url",
			"value": "http://localhost:8000",
			"type": "default",
			"enabled": true
		},
		{
			"key": "token",
			"value": "",
			"type": "secret",
			"enabled": true
		},
		{
			"key": "user_id",
			"value": "",
			"type": "default",
			"enabled": true
		},
		{
			"key": "username",
			"value": "testuser",
			"type": "default",
			"enabled": true
		},
		{
			"key": "password",
			"value": "password123",
			"type": "secret",
			"enabled": true
		},
		{
			"key": "email",
			"value": "test@example.com",
			"type": "default",
			"enabled": true
		},
		{
			"key": "area_kebun_id",
			"value": "",
			"type": "default",
			"enabled": true
		},
		{
			"key": "jenis_pupuk_id",
			"value": "",
			"type": "default",
			"enabled": true
		},
		{
			"key": "pencatatan_pupuk_id",
			"value": "",
			"type": "default",
			"enabled": true
		},
		{
			"key": "penjualan_sayur_id",
			"value": "",
			"type": "default",
			"enabled": true
		},
		{
			"key": "belanja_modal_id",
			"value": "",
			"type": "default",
			"enabled": true
		}
	],
	"_postman_variable_scope": "environment",
	"_postman_exported_at": "2024-01-15T00:00:00.000Z",
	"_postman_exported_using": "Postman/10.0.0"
}